id_image,latitude,longitude
1012728986166147,-87.79,36.39
515001256354129,-86.44,71.79
1348746352167419,-64.933332999867,-63.665
1698532403666546,-61.33,-62.865
1826156844221765,-56.936164012476,-28.014464377404
741088634426511,-54.786802,-68.4169331
227179983228939,-54.8726089,-67.2952858
3988464544600661,-54.253433346799,-36.492103580419
2829783037339874,-54.421680611706,3.3896542338369
1662780257989070,-52.58816736522,-70.16488626972
3973240946296679,-52.39098386925,-69.7461836064
950902163014914,-50.4565222,-72.9841278
3019243445013691,-51.6821016,-69.2816284
1476388923116846,-49.3445971,-72.9615401
1656901158573150,-46.1091732,-72.11378
1657157408477678,-46.2531406,-71.9393863
1757032211163608,-47.7411644,-65.883858099972
1685441135519579,-44.0178157,-72.6302814
1731171124091746,-45.3711914,-71.9573033
462392672323251,-44.07,52.96
1042861177158663,-44.7121493,167.9940627
922551969056299,-44.4085978,168.7724989
654278755419843,-44.893611111111,170.65555555556
1672308309992343,-42.9159088,-72.7092083
8661700510619200,-43.1869217,-71.8004164
3356584214571588,-42.3825932,145.43749909997
1605322463153504,-43.1896933,147.8492927
2905516929720489,-42.011902777778,148.23346388889
541100424833965,-43.755645,169.1488989
4571502689621650,-43.718416666667,170.10008333333
1455038355080625,-43.493901875719,172.6985877762
4863112620467867,-41.4030166,-73.8042944
6115881828455104,-41.0323092,-71.1609616
1781498789325261,-40.1030677,-64.4488638
723670508596259,-41.651366,145.9503224
1969765246556828,-41.3773252,147.42558189997
2498222196968831,-41.595538888889,148.31551111111
1723305741827463,-41.1000539849,173.01889130807
2060641451032984,-40.614186841179,175.31768992449
1491908157813454,-40.867312777778,176.22469083333
1496743557890107,-39.8092938,-72.8626097
1978035155726707,-39.2842865,-71.989477699972
1925021351318212,-38.640429011967,143.8889889373
1750948275078042,-38.097726944444,145.15781305556
2826951687557076,-39.074302777778,175.70387222222
1434466516914101,-38.698955555556,176.08414722222
1829364977432486,-38.0321667,178.2848581
1617601868957291,-37.2275199,-72.9863993
1455418015241444,-37.499507912404,-71.818965646808
720672038891428,-36.614016944444,-64.281330833333
488184819622798,-37.850881238759,-58.238287112998
2774057866065775,-37.6044951,141.68222
3511038395844464,-36.688025833,145.664090667
1587463495462998,-37.2281239,146.1253966
1866115427229836,-37.4455556493,149.96310072491
1755064884902429,-37.21714781632,150.01757813778
1525850884971093,-37.0021577,174.8837417
5151011565003091,-37.998086999972,177.39624749997
1585056262007393,-37.8106781,178.3803995
1659138658036220,-34.81099,-72.0037129
7446973308659509,-35.7073472,-71.1006412
1586013604927460,-35.67180525,-64.940106083333
9289346617784059,-34.7188256,-58.3406441
1687556115357238,-34.9157189,-57.9863682
28695160006749735,-34.8164767,19.958125001117
1698887477558801,-34.823838296793,20.001791683967
3995467920520835,-34.030666937778,24.902384541667
486794945903672,-35.023908527778,117.87707902778
2958827264439082,-35.679248388889,137.05053561111
9645781492205241,-35.0763709,138.4976484
1404257270480415,-34.7143085,143.6085873
2549716235419893,-35.8161478,144.9097113
1472024963528739,-34.207737,146.2840737
7983402741674519,-35.229060098269,148.9949963
1693726567479095,-34.427136111111,150.86726666667
1640519333191642,-35.043944512907,173.16903739285
1971807013198663,-35.7926153818,174.2978837037
2059384214201020,-33.981944444444,-112.43083333333
1685932365598833,-33.489164,-70.590538
225506728914308,-33.181600833333,-68.613372777778
933013840868395,-32.920991388889,-60.811521111111
1617748325444675,-32.0317083,-56.0550592
4622497297851785,-32.0311295056,-52.095988494251
1948267665619046,-33.383070054627,18.389535293134
5517191364971315,-33.734644952457,23.342533925689
4634211933272196,-33.962177066111,25.516916010278
3485568418210290,-32.008473621667,26.265508308889
1649679845779056,-32.0063638,115.8971179
4106634222709303,-32.228614099978,135.19494019999
2432150503654578,-33.7213795,143.0273067
1718441955317976,-33.9047433,147.9538208
1766139753895105,-32.6376373,148.3833933
3687959688157597,-33.8865833,151.1953889
1572263220177798,-32.7524463,152.1716477
2025728484595931,-31.76435511822,-70.98604102236
511024860278531,-31.094085,-64.483984722222
9348565838567762,-31.6669846,-60.5853767
1932900437212213,-31.9468796,-56.0317303
2318914648468618,-30.9803505,-55.4937463
9405468099533514,-30.0327233,-52.9073005
3977208592508396,-30.023013951297,-51.21814428904
1492185444544103,-31.4724003,22.340580299972
1642790972776644,-31.654048617778,25.805034879444
2878711825704819,-31.120768301111,26.809546043889
4064239017039094,-31.069534588333,28.352219061667
1845800895922931,-31.9980846,115.8851118
1686745551850129,-30.9312,141.2374727
1733945547096082,-31.2713877,142.3048715
3664466623785051,-30.5776383,145.689298
1400914310803953,-31.289802,149.0412208
1729761720822551,-31.4984105,151.1965011
1991771421206784,-31.1475959,152.2133445
2442376949449634,-28.6720248,-70.6342338
1406184347434940,-29.9288266,-54.3329896
2976243042514849,-29.691088238757,-52.349336856761
1468120690572183,-29.97945155636,-51.114662960153
1980491202392422,-28.004701887126,-48.694002283077
2584548068349733,-28.7455437,20.9011153
1797552013921030,-28.1873146,23.5388188
3355459694765400,-28.3303474,24.690156699972
1794293264688419,-29.185751,26.2806234
1825450704464423,-28.739359890833,29.827499482778
3346627452319885,-28.466512346389,30.174683025
1742317019605511,-29.06074063312,141.861984548
7163589063701827,-29.326498,142.1701442
1772231363188584,-29.7322638,147.4695222
2621858491304980,-29.8208378,151.1279812
2466034457078737,-28.2512958375,153.00497185
3424082637906584,-29.004148270183,167.92467801198
395402829712725,-27.0862835,-109.3805369
1559226301219025,-27.0930556,-70.8430556
1964224860701777,-26.8837472,-58.287075
4339430346089887,-27.4963284,-56.101593
1509946616092700,-26.399236099972,-54.242224299972
1640293726532558,-26.968602245119,-52.573260412619
1756968638448685,-26.913071982417,-51.918082496864
1569642190418014,-26.9698565,-48.6314247
1487815525087986,-26.1235938,20.8486397
1595440114518447,-26.524113748,25.802784016
1682493838995360,-26.975398216607,26.675055064073
1966851606981876,-26.6459158,28.0281878
1415265868972347,-27.0271425,30.7982854
1869130886805325,-27.5569591,151.9633521
1461392064803041,-27.896252825031,153.02588517048
466110021343912,-24.3368502,-128.3147144
1599585970235600,-24.14331,-69.36894
298248751903865,-24.791695,-65.401891944444
788175825395238,-24.108079299972,-58.333773499972
1923505637991862,-25.3226417,-57.6166861
4864785150204572,-25.379209277778,-55.831096277778
4005833386341572,-24.922183524359,-53.536586572436
1397197647819496,-25.0180863,-50.1480155
3021470291415337,-25.3478917,-49.1730012
4060623827293493,-24.1847752,-46.7878052
1177631322658330,-24.760322222222,15.2928
3389256788000958,-25.391694810536,20.560782337685
2939968209616964,-25.843192990833,27.918712980833
1753420458355627,-25.007833140525,29.719540833004
4114150881980344,-25.435388599972,30.9692404
1967795437078134,-25.7150263,32.7417193
2053499231700143,-22.644003,-152.8004894
1535604264503089,-23.556754987321,-70.397573749464
2584542845043726,-22.5795425,-68.7256713
1913768918994157,-23.6138006,-67.8668543
963035664484410,-23.748659638889,-65.505121527778
533792624462861,-23.8574391,-58.4519378
1935702973508976,-23.4111778,-57.4396025
27427942276852700,-22.134327706518,-54.614883946463
1461626761168851,-22.33570588918,-53.763455169239
1872451949893213,-23.438482,-50.0130146
1809790999776398,-23.6864385,-49.8219438
5298800433572411,-23.482872510415,-46.453418522841
1535017790265578,-23.10174852408,-45.599069602632
2886396684964337,-22.913526490066,-43.169726640005
2863471383796153,-22.7634125,-41.8958864
4314429961941948,-22.721768856049,-22.721768856049
1678230222536700,-23.039133752076,29.912021252569
3283246625282097,-23.155252710673,30.076675160507
3414942755273520,-22.26875984,166.47207007
1973801379810192,-20.26555281683,-70.081603987624
1496000440809990,-21.2246371,-68.2509505
846657816247306,-20.242469444444,-67.626595444444
25924407233872045,-21.6476861,-57.8241306
2018127411968740,-20.14447907303,-54.439629383985
1999919517137032,-21.553809976792,-52.2590197187
8894561960608463,-21.178311277019,-51.985936668208
1674133116401548,-21.949890491419,-48.003887145148
6614682955322262,-21.17171388,-47.801550932
1833402613742204,-20.000231944444,-45.547268333333
2408933329251527,-20.290019444444,-43.449974722222
1572244299945626,-21.6334103,-41.9876741
1847148162125016,-20.899777777778,55.497863888889
1686001241821467,-20.4686444,57.3433444
1703512153905774,-20.3473527375,148.9579754
1785502545521909,-18.480403549166,-70.295269542138
1017055952155963,-18.890019444444,-64.073622222222
2520522448148180,-19.335584272386,-55.038244013068
1688685014949411,-19.2193569,-46.2224535
1478350886334126,-19.996388055556,-45.535273055556
1814529692671487,-19.9901589,-43.8389572
1416238186454845,-19.196814356548,-40.100426929167
3376437532649380,-18.736063,-39.7523274
156391749825125,-18.90931,47.536897777778
4083434641715206,-18.183851799972,142.2655004
1477078099317224,-18.791440399972,144.8503541
1516027899093063,-18.178679642136,177.59701727853
1445049429172683,-18.121997108611,178.45631293944
950718312331900,-16.709535028785,-150.98102644088
2931634627103490,-17.711969166667,-149.30518055556
1668283026926477,-16.4145803,-71.5422616
3401222303426061,-16.5374349,-68.0356881
1715756952199885,-17.4533287,-66.357331099972
1808496889552316,-17.4071481,-65.9860668
1834480440361668,-17.7770848,-63.247826899972
1019857278825223,-17.851066666667,-60.730155555556
1738566230289402,-16.151602558303,-57.624028370566
1718592208965440,-16.412793286604,-54.710508117702
4607030189400539,-17.211222222222,-46.890361111111
791949699649859,-16.8554639,-42.0131694
2497816790401112,-16.7748583,-41.9356472
2483278425177144,-16.3303098,-39.0278723
392959572387265,-17.922706715556,25.854639820556
6795802533843789,-16.426038022222,31.147948088889
2259170491114961,-16.3200194,46.8103139
902287706994319,-17.456341099972,140.86451569997
1456352208077725,-16.2025104,144.58251569997
255671369674833,-17.743445833333,168.313685
1427792364857170,-17.972771086247,177.60823534883
5537679576305262,-17.406071266111,178.24787059778
1707523446397776,-15.574789631034,-70.101633991099
1822993241545914,-15.823296868727,-69.996808018466
195185012439758,-15.107075,-64.201116666667
301410321634864,-15.314697222222,-63.822177777778
1427437678125531,-14.9415979,-60.0261252
1828048667700846,-14.979742905699,-59.98365703037
1613327459256120,-15.891437582222,-57.819044523677
1916848768808530,-15.716795069359,-55.686540322127
1940390223107109,-15.722951382079,-47.945115850347
1594698704478230,-14.1285,-39.7511667
352838539538387,-14.978769599972,143.576604
4373477899435898,-15.998267699972,145.4335153
2830901303721534,-12.211997,-76.9343056
4031539283552049,-12.489910073103,-75.616188541773
1876792949482049,-13.882253087677,-73.939730408687
1871858053247360,-13.663434596042,-71.334227569329
1427655027821960,-12.596044419231,-69.233253254487
24689927273985051,-12.020190695192,-60.81823258766
3764986180425056,-13.857338895551,-59.767110201059
1712038712531052,-13.446747204167,-56.717350948333
1665395327537670,-12.7749657,-54.225106
1808874902814623,-13.4625976,-52.2702764
1858190544531354,-12.121293599972,-51.7268765
874771040864622,-12.793075,-41.3275472
1565448504238314,-12.9590417,-38.4398944
953937789778104,-12.4611883,-37.9329467
1158496427952855,-13.399749621667,31.549119176111
1556695031918066,-12.7629365,45.0741953
2745726132385481,-12.9881422,143.00898269997
1583848999010870,-11.95243830678,-76.728025478672
2258289917701583,-10.602951604981,-68.018671031832
1903416020056368,-10.585767700252,-67.882725901006
1501711203734463,-10.413715386038,-65.334169128679
2596067077222570,-10.000110298287,-63.011239434475
1873085143147221,-11.964020592857,-60.696048478571
1527340334374031,-10.796138199972,-52.045528699972
1528238574321586,-11.848206599972,-51.6421502
3156995967964033,-11.764444444444,-49.07375
2516152958551448,-10.2530833,-36.570333
1854296471428878,-10.735153399972,142.511392
2904254876395155,-10.025406523677,147.74085419636
3972066456220258,-10.050792395833,148.27665550611
3612496912303047,-9.4715222846667,-78.295523661667
1528972761030705,-8.2718153998252,-74.654082849038
1899470820523713,-9.7052905399184,-66.041177569231
1476050542938636,-8.8875111724747,-64.04064287438
1432210964358391,-9.6543297895011,-63.078334390022
2789390347880855,-9.8525035,-51.8169251
6710710708957201,-9.4404982791391,-38.016454331793
3753662428075606,-9.6776861111111,-36.697391388889
3953783011604728,-9.010934836507,-35.219536346693
356050049908983,-8.6825108821389,-7.0610603500833
3005640233068541,-8.0170285999722,110.32328119997
1141316899932783,-8.0083657,112.6376185
1832414487191919,-8.5791026766651,115.35610891592
1505257036819777,-8.581978,119.6620286
2968914649932348,-8.8334042,120.2137543
1582451505936637,-8.5419167,125.5379167
3123379524640253,-8.4631373600191,126.45321909001
8769667129729360,-8.0286975258586,145.93863532263
3691087391152323,-8.2144665907744,146.2611166837
2901784926729061,-9.9535152966667,148.09285076333
1921340304905211,-6.0190426999722,-80.5249412
6382430105185693,-7.7400735999722,-79.1895736
1231809324642131,-7.4595776,-66.9686374
1927061070984726,-6.3097093,-35.0347431
173683371203235,-6.8971062222222,31.156710583333
1120394018470678,-7.6074646666667,34.930874388889
904747280376228,-7.1683823611111,37.197183
8920059974769730,-6.8662852692786,39.235941488868
200877336389369,-6.2865465,105.8299982
2790351357792251,-6.0900358,107.0464606
3556750091235725,-6.7920296,108.0489653
1532956454032196,-7.6334504,110.4166506
4117113881844666,-7.0902513,112.7569394
3426973194113607,-6.0919335359524,145.05788776095
2229926220695498,-6.1335367846296,146.11971550283
4119696741388183,-6.2310569444444,155.56536888889
1453759935375762,-5.1934998999722,-80.639697299972
1427364657998076,-5.7472263999722,-79.870332599972
3869717686489541,-4.1108916666667,-63.143594166667
1980314905452818,-5.2613384972222,-56.041325497222
4200415146686530,-4.3462139972222,-55.960517166667
2059760581029416,-4.8802444444444,-40.105211111111
6909958702459402,-4.3062171,-38.0076501
2098223730540550,-4.3763001,-37.9211475
1526144774809516,-5.5348528,-35.8130833
1451511378562598,-5.0216606666667,39.7426285
209339994330149,-5.0137627777777,80.743470833333
1582224622213337,-5.3534812,105.3215356
231168393347384,-5.9772461999722,106.9240132
2466687367009370,-5.0127203,119.6877701
1477457539576214,-5.963496402963,144.88668987286
2467194316970719,-5.0598205139455,154.56026994266
1934512726905901,-2.3494991,-80.5107969
1571751126684474,-2.0966575,-79.8918933
291518232604062,-3.1402305555556,-60.024833333333
1122858994806396,-2.7880338888889,-40.504938333333
1671585843596690,-3.7414199040603,-38.575605121805
4117240238338279,-2.0068529289395,28.909989427849
4164520866962246,-3.018298,104.794697
3073496692963944,-2.5487775,121.39692083333
2477633715714115,-3.6838383972222,143.28207889556
1569321130688594,-2.6872560627273,150.94857804
2925013641064500,0,-103.3394995
1672336802958725,-0.73663888888889,-90.325769444444
3108694439456174,-0.92187777777778,-89.615305555556
1976700532665313,-1.9268874,-80.0076025
1697655120681950,-0.58834499997222,-78.601540799972
366044785616442,0,-77.014322972016
1638603373365734,-0.57408107194,-72.119835698173
8693077917455951,-1.4152973552728,-48.479287809142
5629947610426659,-1.7353197,-47.039799999972
1719805298573481,0,0
8445702228884873,0,0
2258589884335624,-0.0349565,18.1950605
4049602635118977,-1.9170065447581,28.947545553629
2155333231469423,-1.9576459733333,30.059622689697
3383147605328545,-0.0557778,34.2649417
2909277662554762,-0.2961298,36.0165697
1334667860513496,-0.47418758,39.602984595185
1312805389623403,-1.5006342705288,40.030081532705
1457813844589329,-1.7938485718611,48.089436729389
1406675719701382,-0.9213049830214,100.4014691
1519237315468592,-1.6623639839231,103.55336337718
1779160982539890,-0.51110587233001,166.95559069309
4030982870319759,0,-103.3571139
2379628622180757,0.068238888888889,-80.056077777778
5944036769048879,0.3765589,-78.0903839
1864275630416559,1.1814676388889,-76.670372138889
2229926114050019,0,0
9214343578679590,0,0
1425805944956900,1.6349602172667,7.4173002889667
259191069227888,1.1041305906301,12.355800266603
3508545502582560,0.51739861681503,25.195726428586
3794456357289694,1.4458738188305,29.899049662339
1459397774432421,1.4855369691643,30.153120472911
1666386953762648,1.4123940487146,32.237646750863
300842284845484,0.4680944,34.576516699972
3126539010984740,1.7592028,40.0611111
193534285835686,1.2599957950879,92.127847357086
3471409906445780,0.6836245,101.4260659
6107247212622304,1.4505305555556,103.79305555556
1423865765265895,1.0985019,104.0530765
2711540402469479,1.7428526486427,110.32280024302
3445613715719051,1.3595406,173.1594043
2457386131268012,3.3924455948836,-76.544622027322
1491138617911354,2.9203652777778,-75.278305277778
1970941073323688,3.5472163198667,-73.704833368733
8803533623109339,3.2659970004197,0.66081641863141
1506397316804818,3.7846196,11.4605667
1759932224189674,3.3429698253411,23.953028546199
2998219243835783,3.2584623123138,24.084313473088
1499854080794443,2.6497738542202,28.414696106396
1521609534969616,2.395769595359,31.501706784304
2376612569170214,3.7579965999722,34.729351399972
1517323292533686,2.0335135735,45.268199579017
2670074386531913,3.5229498,98.677316627586
3014947318724225,3.0093893055822,101.74506961112
2586928398267588,2.3662540999722,103.8378136
1556924808198226,2.5517710721,115.75685707489
2339797779700671,3.3682280870883,116.58176342369
142653731155853,4.0856469444444,-76.197237777778
3050563901937214,4.5772380555556,-74.104649722222
1961706257612044,4.0135014420133,-73.732266714507
515628022994912,5.853226311881,-71.739142676479
526286751946881,5.6057452230507,-68.574056213569
346876637087875,5.5553571269413,-67.954183851172
179875557461601,5.2637284330572,-64.379803335639
248366506872058,4.9406518031905,-60.544274906294
178671864297850,4.5047325977432,-55.266934073376
3063394693987242,5.2762480969433,-4.0084917035958
2930419250611077,5.3716853435793,-3.8954444015757
1144623476785374,5.6266778,-0.0013361
994341608908703,5.6278028,0.0028972
1019635479427645,5.0180036515223,2.1037953840502
3947747355301845,5.7814242,5.0710509999722
7872123889549547,5.4284089,6.4848728
550535393016708,4.0925805555556,9.7365361111111
1403747371036726,5.2493837,30.2046998
1976730292825485,5.562766,95.3172118
2551474988492336,5.2599161071752,96.116155302242
1862363960588379,4.1444653999722,101.26598629997
7923795710987057,4.018132,103.4038264
213462493570083,4.4002477280715,113.98855141868
1933036750488084,4.9651590458968,114.90434205748
124249479679625,5.4210388888889,117.94996111111
4016727645319449,5.33477297696,162.97068652528
443435675473912,7.2440336,-76.4366829
1455977221724846,6.1708123383163,-75.631764714949
1670343956635729,7.0368946,-73.071968999972
6010761362380753,6.810621110608,-58.20628038992
1154476288298522,7.7065722222222,-5.0381861111111
149505063809391,7.9803591430739,-0.083276722026994
1991652924308454,7.0077777777778,0.64527777777778
2263508690452949,6.4517888888889,3.4432527777778
1671637393254107,6.1568421,5.8067203999722
1810526406443577,7.7953523613158,6.7367780805848
1880037488844292,6.3057053888889,23.859148583333
855179628366988,6.2707095833333,24.234365
4870056056445063,6.9893721519338,33.919164506275
3126689264211399,7.2000285805556,43.664956372222
1404874303222220,6.8739988198269,79.872868615335
525311495545751,6.0246474709432,80.219507217406
2573602642942157,6.2982769444444,99.718781944444
1598397950526424,7.0075203611111,100.46678305556
1462607457247719,6.0482944444444,116.7013
1449148515556140,7.1200196,125.62831889997
163348259155267,6.6224444444444,126.11036111111
1673134830153499,7.6901732801878,134.62909267831
1620763542052823,6.9674449813737,158.17876120036
1641345303050011,7.1555885,171.0375398
1448831519291310,9.925622,-84.108822
26110937251826795,9.9048487999722,-83.9902452
1583595729145621,8.400914,-80.270147
3556933921189681,9.1117367,-79.4515725
6824560027579997,8.7655974,-75.881279
136785598425682,9.9720908333333,-73.035701944444
1542228932987225,8.4682817,-13.2052125
1685738461981357,8.1110213151444,1.6411209368006
1808594789538385,9.8296187,3.3615805
4323091674476060,8.0560922999722,5.4430506999722
24899071906350374,9.6632264,13.2259803
335839041268894,9.0908718697708,36.545247232092
229147051942938,8.9790714861789,38.759816647967
310425687374902,9.802525,76.662861111111
2238367446331542,9.5633780999722,99.992516499972
2997788537124292,9.535439,100.041654
2362558430799822,9.9305586272727,105.13778775795
1340837286890175,9.9305503471154,107.52874460337
4218444268251448,8.2344610573466,117.14064563477
1832424310423171,9.5296983333333,118.58833527778
1538255626627081,9.1648052777778,123.14778111111
2760072844129404,9.0894952999722,124.7549561
4306119162733724,11.854416555556,-86.241174833333
3926702350890406,10.0246045,-84.030726999972
2669793336504355,10.0116843,-83.9868196
3701167423439236,10.457851915033,-75.508433556863
1966202433873142,10.4747722,-73.2418722
1194511941021575,10.403394722222,-71.544187777778
496701684812310,11.991795830055,-68.640360830011
1302322564409048,10.533129698049,2.1311914993033
1408854083032836,10.9356493,7.8320656
2971418616474515,11.052805555556,75.936944444444
4050567368369546,10.969497900002,76.422918100001
1229550094127372,11.9512,79.795561111111
3262360740661342,10.497704527778,99.170365027778
1735783326904934,10.012806015539,105.07407178446
1676222646475986,10.577769117388,106.52287097836
8194869190601627,11.943721337111,108.43618093709
979344549608892,11.7805438,119.41189769997
1550612442222298,10.204982880682,123.75603897273
3933049710083401,10.829843594703,124.88648853276
3836832186425691,13.7867965,-90.0366044
3016136081999685,13.391300899998,-88.654319700001
4183376165093701,13.288699043889,-87.629160918056
1998387863684249,12.613856471124,-70.051312480908
2299440700207423,12.4916863974,-69.949026722162
7376987015748303,13.9283824,-60.9548552
2824095507844630,13.099452777778,-59.601508333333
2167617723593086,13.427724327481,-16.699093170201
207602560909036,13.163812123056,-12.112718028889
1320521445662671,12.955884120086,2.621392776337
143541247739860,12.89205051259,74.861514711259
3954702391285929,12.983358333333,77.7285
2705963186308948,12.8418439,78.2499511
1634848636999996,13.038984,80.1574738
6168372563251086,13.5554321,99.5074001
3072325916413558,13.809613359466,100.46568015781
1660226191077918,13.3499423,103.8645144
1646677895760644,12.3360195,105.10416999997
25982845521329918,12.4597311,107.0860884
1408846916161284,12.237668,109.196192
1242530482938092,12.321752699972,117.43267339997
2759851777644514,12.0516339,119.5624264
3894329490645036,13.831275,120.63212166667
1166906133918402,13.148491666667,123.72983333333
890799739267337,13.018295509438,139.98417274113
2710649459086818,13.470121307626,144.79547064456
1922564154896074,15.723943583619,-96.561811788161
2489928727866246,15.989235580467,-95.494605302133
1429724257824988,14.902982681087,-90.021988773492
6519300751519734,15.135130746591,-89.342855419318
2657905121178044,14.046975206389,-87.190688727222
481966693121973,14.377247777778,-85.948197364807
3156780444455468,14.0532251,-60.9661494
4330585370287990,14.763083333333,-17.386194444444
1785130635001135,14.430738888889,-11.432263888889
507343741894121,15.018100555535,3.0343506589011
756847018339165,15.572402777778,32.534973888889
3744506808990971,15.605060571429,73.737016342856
2907642386222220,14.997851944444,74.033711944444
2948318545404044,15.3133321,77.945452299972
1432372913777046,14.071444444444,79.797811111111
1446885002332096,14.501611111111,80.053063888889
3084844541728426,15.936369444444,95.591194444444
4510946012340085,14.603480555556,97.973261111111
1586322428889931,15.420876172,99.630444084
1668453193532513,14.065700611383,100.59991785054
1758063498037646,14.0916673,103.5529355
1174238090060751,15.201199361111,104.85934983333
309146617447295,15.692764681348,106.11545851551
458652685232432,15.992222222222,119.76277777778
4124947410904104,14.581388888889,121.05300277778
2362076200655354,16.218089133045,-96.785536852164
1491596161717072,16.283647291741,-95.299198989732
9815233971861219,16.830800495532,-93.732408299106
1737452500150243,16.414044958497,-91.303127975817
772737213433651,17.571946293203,-88.41224438975
1197156077409462,17.107997313965,-87.407252161169
1460082787689369,17.758353333333,-64.580705555556
1908331649361487,17.2929591,-62.7227612
1546235262620813,17.122825810461,-61.8409025
1307116203924757,16.5204171,-15.7970254
3786916668093746,17.516144444444,-13.067225
312878676875919,16.865069444444,-11.779516666667
553472801037644,16.900527018711,3.4193860502437
151759423585380,16.901225,21.775260833333
2888903048032651,17.3339482,43.132201400002
610826077390595,17.936338333333,73.577825
3965868020169881,17.267989499972,77.597838899972
1753831618120509,17.5579183,78.911679899972
4680754968618139,16.0085321,80.917966899972
2879339635677025,17.448727099972,82.490222799972
1495868037512486,16.669605555556,95.9561
4088044507920103,16.774584416667,96.173710583333
2969057636709737,16.522813680432,99.561851131717
2454013678078818,16.788683714545,101.05066016337
1424158894607593,17.958307,102.61598
2556770557800845,17.65591945,104.64595515
2124584174402661,17.490847222222,106.62693888889
1598235440387175,16.043373383333,108.14270032556
2952910318339742,17.569424722222,120.3882
1125129065009085,16.326034199972,122.74084709997
1670248580501491,19.710145587342,-155.45244378481
2961460474174346,19.549761442222,-101.34423790472
2140417583087898,19.979808473988,-98.513858305651
1538095240362287,19.5429917,-96.9061694
5165351210151749,18.145194444444,-94.512416666667
1673003690203370,19.3509907,-81.0990921
1417145345882899,19.68848920225,-79.859815742257
2317410348592635,18.525440594333,-77.828599763167
3003383539985660,18.609627292438,-74.137025737214
1747836792453309,19.753531910303,-72.412194209556
2082777755531448,19.592185476106,-71.746257703413
1490712908004545,18.4557825,-69.3081239
2872897513025885,18.393047222222,-66.044836111111
1681947158998046,18.135706753048,-65.512156038722
1826260490888121,18.044518333333,-63.111720555556
770617500509102,18.124188888889,-15.932988888889
3881127705336937,18.301320179993,42.717583309997
1766880643693691,19.0914739,72.8446707
1673577976314377,19.8756273,75.3391933
1368136147032796,18.842199099972,76.5339103
2843794405935693,18.847340899972,78.620282
1859325131234679,19.2803838,81.307599
3942625835824322,18.666458099972,83.640648999972
1437336873279420,18.278990175035,95.634736048562
5728972967144679,19.760372277778,96.138234666667
6141878859171127,18.786146680001,98.993076679973
1587977455428677,18.142289977009,100.14042642299
5037551439699552,18.349890270104,103.6675323
1471914306777894,19.98928,106.11570153075
2838693476376117,18.262546799972,109.61581979997
515380902800192,18.538565,120.65349
2944123922499196,21.995257222222,-159.34970916667
4142124892493667,21.705521140268,-157.98853193424
1863869780456945,20.714937777778,-155.99293777778
5912588948852476,20.542052024,-105.287656236
1979176452236479,20.504416497222,-103.24002999722
3314660642001312,20.602787118182,-100.3698806596
1535345800142301,21.011512199972,-89.6239168
1427274200953797,20.845751899972,-87.7844357
1492555228026560,21.8637972,-80.0201806
1796585147180122,21.805234722222,-79.984433888889
1528092178091176,21.3563583,-77.8910611
321299394284687,21.1046778,-75.9324861
2011968015655812,21.545166399972,-68.845688499972
1257159661754879,20.2524774,-66.536030999972
2252742898432706,20.8574605,0
2252742898432706,20.8574605,0
2225886524473489,21.53059562705,4.3561610983532
455022590690764,20.857469384715,17.723660961228
1108334656994486,20.857478269431,35.447321922456
1765357954363101,21.421431,39.8505317
452156172745578,21.345162880443,40.255585336769
869777897082511,21.828017777778,45.522979722222
596506256371302,20.857487154146,53.170982883683
1965231550347959,21.00973965,71.054476883333
644270630495328,20.41681,72.838263166667
2946567855563449,21.9986311,74.179677999972
2635815930045286,21.237513599972,76.3902735
2482194675294841,21.6602472,79.7444552
152398830478468,21.466146666667,80.199145
858643732390119,21.602507576012,82.103473362256
1122849232795146,20.857504923577,88.618304806139
1601652967381916,21.8974583,90.1403319
7928475340584992,21.711656,92.4335352
3758193587611567,21.195423805556,94.894221416667
5513654478706324,21.973569277778,96.087568777778
4427342507297933,20.137607339991,99.852557839992
2878578065691794,20.23341807,100.44970791991
1764002420753072,20.942711679422,105.77649667371
1606284113522426,21.1119499,106.03914615733
3584080251817578,22.039480277778,-159.75998805556
321239202788879,23.449879637941,-110.22529757592
1509108573159902,22.230083774722,-102.29683273444
4056018067789215,22.1633902495,-100.89430253961
804340207103255,23.738954295426,-99.132961887027
4293815100649731,23.140444972222,-82.349163333333
1564139504526596,22.3782667,-80.0507444
1458538291435778,22.6666111,-78.9733056
5260935650680829,22.0525643,-69.7580611
956286459764665,22.590724605345,4.5643708295732
526068178398087,22.306482313889,39.105327605556
1696732384020412,23.604200600007,58.544358200022
27715590794698515,22.975045919923,72.602497423423
2966440833598194,22.0976697,75.2629601
2215321018630221,22.181411199972,76.8050115
2829332147382980,23.392565699972,79.8474144
3218690781710505,23.100108599972,80.5135386
993628548477978,23.3951667,86.3248861
2405693746248124,22.8887222,89.2372083
8967279580065161,22.2189527,90.9547305
2572936463016166,22.003653388889,96.114016833333
2782854035359481,22.491957388889,98.442418416667
897570801153680,22.312780379912,100.40997689998
1436328464421377,23.2124705,105.4172982
2777149585857510,22.1292325,113.578316
2500953686879393,22.254777475346,114.13829344634
3778887608997634,23.5474103,119.6189086
5013904651957618,22.6165281,120.52449769997
4118015168249472,24.321121140406,-110.32683569948
545786796556112,24.066038888889,-104.62992222222
2088353631304991,25.579702099972,-103.52111419997
1971907146294428,25.446139299972,-100.84466249997
3885376751691848,25.986663881975,-97.184967176408
1431290977207120,25.812855,-80.288906
3034950426659682,25.0681172,-77.3173219
1528852741045233,25.7353967,32.6128393
1767967960206337,24.599365499893,46.630382400117
5025588450837434,25.897128871008,48.813525821253
3681687582144057,25.228037912245,51.561179978367
2596386550666639,24.975544139722,55.202824361389
1474770136274730,24.079300599972,75.750326
2930622417189374,24.0368375,76.158011
4370305739861139,25.4470924,81.6621315
1474646002981430,25.494034299972,82.354450099972
263010476193927,24.5911194,85.0235667
459550425112471,25.47205,86.609485
2807484466122123,24.4357568,89.9873969
1738349576750727,24.6150879,90.0346959
1746617006196574,25.967680583413,119.93288710619
1605207913172574,24.6812784,120.84470829997
4066688493395179,24.927913888889,125.25434444444
1651007359180435,25.8291194,131.2289583
4089286124505575,26.2214625,-98.135416111111
2028455890890664,26.0693315,-97.1627296
1945424565837482,26.9982085,-82.3748877
2363862910447844,26.6462492,-81.8751676
1414373888919339,26.58413901879,-78.590820465009
1420644188315526,26.551366666667,-77.038038888889
1763455023865060,27.752005633336,-18.037968599983
1422458851421448,27.808973699991,-17.977809099901
2976743092544975,27.85776,-15.38695
964371608983842,26.16066423539,5.2929361464626
1704681993615781,27.0908074,33.8477846
1139161803222601,26.788053110606,37.960682666667
2390959541104683,27.381830208333,41.188364791667
1440145472996521,26.294132777778,43.925236416667
7494283960610892,26.02464158,49.75160184
2023336541516205,26.20231568,50.198921953333
322823969187419,26.225846678019,59.205922592431
155594236516374,26.704499701038,60.972443225794
2321443071324911,27.174623888889,78.042268888889
1883365235148225,27.947935800022,84.362132600061
1830482597455936,27.68896806,86.7303425152
956712659090258,27.4022139,89.4206528
1929416604196926,26.1199694,91.8082083
1781413938901502,27.6616378,99.751272299972
1519809788435947,27.5533317,101.74200989997
1590647541332809,27.749169899972,102.02809159997
1446479673424896,26.156097977277,119.93864421735
2659547100843144,26.2122558,127.72730489997
3086522151613469,26.7069136,128.0173901
1800124510423091,27.090391,142.2168528
4986307808149345,28.926752719336,-106.87384892959
1706595036589422,29.415716554717,-98.649038123717
1797642337109691,28.6325275,-96.640184722222
3658410214269053,28.96532,-95.372981
1875396669292093,29.651998500119,-92.382727971518
23994591383521267,29.785472,-91.4978572
2410971675908155,29.99693972907,-89.97105317674
3797757933844263,29.9998502,-82.5990276
1947752969080671,28.6852369,-81.4601722
4032221670169919,28.480019,-16.402542
1403855679993116,28.151842333333,-15.424943
2868547596728349,28.306623142831,-13.965700142886
537847573881791,29.707395900002,0.71805555555556
951433839020574,29.142556944444,3.9775069444445
1067788650694001,28.655036900008,13.9725196
1408291033160390,29.323137907436,47.935023447323
3924121324332880,29.202566055556,48.060732083333
3630720133863483,28.6819194,77.0473722
2386569778353158,29.1877153,79.46969966
1413963425649337,28.3474875,83.741580149928
3907533686148562,28.0102455,85.5359591
1506940873573591,28.0041437384,86.8559048984
1405732803256609,28.452816099972,102.2140621
4156377851128329,29.870929,104.64399
143291924598762,29.570222222222,106.58384722222
1930888420737663,31.68047317127,-116.50786880591
1419093052816954,30.58395823625,-115.94719347921
2075474339299992,31.8249147,-112.307871
2024946887711540,31.5739939,-111.76973759997
1834019083433277,31.446837829167,-109.92842925694
1888558897971045,31.872076944444,-102.43152361111
5942247625868256,30.796683039464,-98.355270018482
3029234400735084,30.692202,-96.365839
1473482349664304,30.179049,-95.78201
1723960074471360,30.208387437794,-92.3703523137
1953260481722882,31.4196808,-91.3910138
1799311927255054,30.5168982,-89.584501946955
1575207689356693,30.237347024881,-87.904798994281
1684514842476765,30.438753,-84.294704076098
1794363907719171,30.4834757,-82.9972257
3470238606553222,30.3152101,-81.6547082
3821408328119668,30.141645650089,-15.873476924866
3982836261830858,31.62415695,-8.0036115638889
4412109718823969,31.619304655556,-7.9894866944444
1795451541254925,30.788778490464,6.2293157815599
1836831576703421,30.01642754256,31.394831531448
1680636465768299,30.6753505,34.8037817
3164986096974348,31.5346926,37.0734986
8784912284958037,30.9860546,41.0188681
467758241005908,31.8812065,77.1504806
5790083547675622,30.117203369722,78.306416691944
1625550424477325,30.5022501,103.6270588
1692901467709219,30.383877099972,104.0983923
1221186528340626,31.753982543945,117.01172637939
1686949732043650,31.637453072,120.801474852
1394883640990734,31.8301826,131.26766649997
2107543976258858,33.9993768,-120.0602126
1475568576733970,33.8735347,-118.399138
2976043169219326,33.773701938667,-117.77652214533
3321698704600305,33.932681023175,-115.95720279973
3959711227397274,33.542705555556,-112.01541111111
3827770170816050,33.775200853559,-110.01543658898
1708020336688408,33.791639103869,-109.95936645708
1743198252832380,33.1158642,-107.2859556
1731522123696419,33.310946691667,-104.47721133917
4106754042738165,33.534238888889,-102.00504138889
9771440982887771,32.1053306,-101.6909594
4009340712661077,32.20601520854,-98.247235200895
2305275909604527,33.959668055556,-96.381752222222
1491918047832177,33.128935833333,-95.65727
5959659214124944,32.4786469,-93.718166699972
1789480121548960,33.599157730177,-91.077146003039
1845693549209532,32.36411087193,-89.053493373333
3030539333743130,33.5160484,-86.8074243
3351389971831175,32.2092877,-84.7060647
2623878204426423,33.2816139,-83.9944467
2501952200145505,32.061059089706,-81.354275737941
1852432998546629,32.7857263,-79.9362156
2609228649377970,33.096504850366,-16.315239071846
4241529535925507,33.077672999972,-8.1023665
2292501107546854,33.066319499972,-7.1231823333056
6083355711675365,33.995707612222,-5.6696026211111
2579336259037924,32.8569362,13.2788755
1309705483462421,33.8845824,21.3630001
1768750486660923,33.994979979444,35.833105109444
7171941079516570,32.059349989427,36.094466964334
895566921008504,32.861808055556,51.545855833333
4680700628623217,33.721669444444,73.059055555556
1525489148322162,33.413860433263,126.43883508401
1429615660743567,33.07763015023,129.95257069748
3610335932404906,33.629653333333,130.48139138889
2676298655944100,32.959260748938,132.70716769536
1854118381769370,33.595221,135.9358642
2240143246325633,33.8916127,136.1164382
4234893309876167,32.451933333333,139.76886666667
1823904798067116,34.0036693,-120.0858276
6428698997252835,34.208374079557,-118.87330425552
2953879474932793,34.019105833333,-117.69026027778
2319129741571925,34.1484,-114.29363138889
1819125991822042,34.7620697,-112.0562044
2522117661277805,34.6052628,-111.8903944
2025111877884369,34.049864425599,-109.926330911
2241560346036055,35.855935006975,-106.22236106778
1591058111790426,35.216142656229,-105.51766819845
1933475570403307,35.181245899773,-103.02108794477
1811838709274977,34.964131540923,-101.71303322984
1404363430172861,34.6270079,-98.42194711796
1450369389180809,35.510104625964,-97.654277
384909693174489,35.537396999972,-95.109878899972
3307278312875408,34.693823333333,-92.1466825
2590538947793037,35.2188981,-90.2092687
1887455111747779,34.897745668765,-88.243008579701
2391646611002489,35.82210918481,-86.407474589873
3686896474755781,34.086341343,-84.200284812
1851768692263798,35.4740449,-82.335455629167
1546186992616529,34.9501728,-80.8924472
2556108007932858,35.727022533333,-78.782973866667
5611781802270555,35.958497653226,-77.926698894718
2046982838976131,35.9044441,-75.5948986
3929903283745058,34.180598566111,-6.5148530991667
4759197727430834,34.033919661168,-5.0079193639344
9428897280495551,35.416892745537,7.1656954166572
2862640480623712,35.851706430275,9.1999722764526
3636815353205317,35.8360194,14.527575
2591508951015551,35.493669199972,23.657602799972
1653160408581102,35.416088821873,25.011186580252
1332657737137988,35.205891944444,26.106040277778
9886854814662190,34.6642926,33.00385
1437155836682989,34.400470135556,35.890327524167
1704015530007589,35.899180888096,44.980310781327
7491557044255313,35.173592992247,46.017830430507
371114344306800,34.293983099997,48.824988700002
4131052973600542,35.779718242553,51.954906450253
1481613692183752,35.719107556721,52.057474044995
476374120237035,34.826111111111,67.983611111111
478851030011842,34.514647777778,69.166213888889
315188093330991,34.051733333333,73.405505555556
4272990052764479,34.253511400925,108.93247995536
964224854473669,35.818594444444,115.03124722222
237071461570727,35.873425,117.31315555556
1719511162189244,35.7000547,119.7175489
1094852957972583,35.382333888889,127.69313166667
2832597026893357,35.085198193622,129.04079765694
1808006299377770,34.281129444444,131.85850472222
2678935849064955,34.163,132.14762222222
2135993276700311,34.055531501564,134.57244746763
2173911446359568,35.961022179461,137.99100025515
1488955568104052,35.203016666667,139.04506666667
2564245693878312,35.946419877844,140.1768216792
2018019178599210,37.317853215625,-122.03521324531
1499981793849131,37.38820223769,-121.88196774223
1953436121711015,36.6000481,-119.3049874
2946818022311514,36.010349599972,-114.7682793
1783662468729869,37.582683254747,-112.22851035778
1670539970099566,36.887872261367,-111.36659275638
3638379779720612,37.356345555556,-108.5646825
1786946088445984,36.024607618838,-106.06380990171
2242777455908436,37.1896333,-104.4575372
6027937180607700,36.457717841538,-103.19008926494
4241500652548775,37.964230562939,-100.86670650893
3887306361359587,37.986360546111,-98.0318793375
1402199763784737,36.861444548333,-97.346179562083
4056579901101847,36.085692899972,-94.168611299972
3096732120621653,36.012879271686,-92.048781882463
1643533319724190,36.4527845,-91.4945935
1722122821925542,36.7511187,-88.6325626
1457128928114052,36.1929963473,-86.350742390108
1394592858043113,36.175709099216,-85.610522814679
1426307485218468,36.5280536,-82.5322534
9009086902469050,36.7974249,-81.6881252
2494503187389463,37.9767266,-78.2142307
2010527549301803,37.5590418,-76.3090101
3721481751290411,36.89117040521,-75.993695175779
258907212650246,37.772888443027,-25.30378215082
2624377261098092,37.765191665791,-8.2626114177778
1753880215370192,37.116719164635,-7.6293899419333
2785670851572797,36.715558462736,-4.6249996504717
3019024221659011,36.869063246944,-2.3195093961111
7400467446684338,37.9856828,-1.1422491
137671532093253,36.744330421926,3.3399370556352
622606600259338,37.78730451559,7.634782569938
134124338750527,36.902788888889,10.290776944444
4667717466592983,37.524791944444,13.728031944444
2973409859650973,37.993693454167,15.931012798056
1674195146355697,37.1279611,21.8732735
2891654717817324,37.999808333333,23.797755555556
1820018885074375,36.733120268503,25.288475189266
1741878633120180,36.594234652714,27.137634967899
1767325870323115,36.570433333333,28.010477777778
2515949051908903,36.7961042,34.6278038
1575355313293149,36.3325899,36.1995615
1491818298363537,37.798839977631,38.627027343671
1843936036077971,36.519497537912,43.923200555882
1882548405527264,36.383956773103,44.982831392835
497521028117537,37.200728333333,49.21373
1756258294578629,36.580834746278,53.352279812877
3932996773447691,36.285345833333,59.613736666667
802931297071497,36.010158333333,117.390975
2246264112223117,37.4661877,121.3642982
2263707214249679,37.757951874008,127.27637557679
1479848586244195,37.379623722823,128.66358583944
1486904918519029,36.510497222222,137.80243304043
3049095352082046,37.922872722407,139.04711739848
2376195259180982,37.616572599972,140.07412919997
1711293659282274,39.963577760606,-123.79184505354
1865334357140931,38.115550731995,-120.89561459932
2662838710540559,39.098937217517,-119.18096151831
2533599876949259,38.427964722222,-114.99862083333
4268693243153406,38.1303677,-112.62724369997
27471689085811498,39.533306035102,-111.4568121
8522917581070637,38.946100497171,-109.79623777506
1822987124876765,39.648955049628,-107.05813294368
1866348813774447,39.9344311,-105.1225469
6178148598865728,39.329536724722,-102.02191712333
4512373785457869,39.362540300833,-101.03273369361
4067032896665811,39.023170200833,-99.940327713056
5712025655482118,38.013212978611,-97.956975381667
1438178190157578,38.9645692,-94.5431145
2388779951312456,38.0035416,-93.6560947
6206732139421942,39.15637,-91.919465
3020123091484250,39.9347517,-88.9691867
2066454683695109,38.657754689333,-87.186018260667
1413079705731975,39.961788055556,-85.053714722222
3775252455934259,39.937394444444,-82.004772222222
2306334406180980,38.994257222222,-80.220984166667
4046770652314595,39.730160387129,-78.182337159328
2627679324203223,38.996803055556,-76.52049
2017839128424563,38.880856388889,-75.833761944444
898859597331222,38.59784,-28.828
3593461050884960,38.7959444,-27.1920861
2302518233426956,39.728575392798,-8.8318079846854
1433021037316452,38.06609638835,-7.8715714771717
1705673883327923,39.103739,-4.9734973
2884712925189553,38.073579696667,-3.5771580597222
24840454055602573,38.4478215,-1.5827675
3126341564187619,39.265548,3.047588
2161337050691132,39.580440277778,8.6756122222222
1564328807105311,38.200065884722,13.277373919167
1473895769623312,39.85506705,15.791635494444
1671432049709275,38.504911009167,16.373889595
1483208456407005,39.979764411343,19.926757071355
2019545085211618,38.676919109134,21.362832590494
24368676119387499,39.339761813569,23.059148984735
1532183530521664,38.1346286,24.0100203
7787123294680441,39.9560501,26.2493921
1849422758593278,38.153260833333,29.0656
25620226730954697,39.780382648753,32.8088659058
468293927783294,38.641642222222,34.831871388889
2053018498399594,39.73300291607,37.0156207485
1734182837090568,39.87286145971,39.11810485094
2245231292503925,38.454706380026,43.319362433273
3921616881427851,38.195529985645,44.773536178141
1467342750619699,38.406999226028,48.711005346794
1679841759574524,39.9462086,64.3307029
2454160374747740,39.655416666667,66.9755
1647878912268461,39.412201149989,68.516607069965
1600135130188804,39.91339311745,116.39110806803
157515352988089,39.650176111111,118.19317
811318459782956,38.862087777778,121.52734083333
2120489871620611,39.104113025829,125.73953608182
1266881371380906,39.773245682,126.974597214
1524689648059098,38.210908318185,128.49083070002
1680384575685458,38.9167,139.83258333333
2901792589972539,39.0432003,141.1281309
3968754813214702,40.863070679985,-124.077113275
1686126178554767,40.6913467672,-122.0419645524
3824314844505232,41.951038351467,-121.47665120385
1913210345527077,40.855041111111,-115.75033888889
1672854293289132,41.3316206,-112.0017981
2265838173548848,40.044936388889,-111.75201388889
1598558827742195,40.916607001507,-109.63779090445
1870927903072214,40.375868333333,-105.11234444444
2363970353945836,41.238075941667,-103.66782414583
8494616400566069,41.980673564715,-100.55035743392
1883146499126070,40.848657314398,-99.985380492132
1491780918095240,41.344139977563,-96.014820478
1637111443493497,40.6750888,-95.9644266
1595702197663912,40.301257097394,-93.349748618764
1441234763278568,40.4006269,-91.3760139
1793960647709547,40.7071717,-89.410575
1527695088089532,41.575665981625,-87.265598615194
4434179183261623,40.366658970621,-84.71692496467
2547464652228087,40.163935,-82.685672777778
2035509703487573,41.022918406818,-80.591420996591
1766862087205686,40.6512745181,-78.51268694095
1764672957298956,40.091849,-76.1585083
2925705720976886,40.247866944444,-75.696317222222
2228018397333463,41.722129695,-72.193691013333
1689403361260776,41.466916920556,-71.937818247778
3662645720656737,41.895273480606,-69.98383553899
8078593575578873,41.570072598733,-8.4374815220667
1852997645175004,41.411909478788,-7.9541515133333
1650926035092969,41.250181775278,-5.7017884588889
2237797103075273,40.3405106,-3.7256665
2552529561616213,40.8836655,-0.4866706
3542190392763576,41.6262357,0.7201761
3559230710850058,41.340677700002,2.0483183000012
1059567237901515,40.076622777778,4.0911038888889
3501295496638556,41.875363692639,8.9424829980552
1906417516833736,40.7459006,13.9395918
1719608028624513,41.5651165,14.6553916
2580735672114587,40.4521766,17.9250217
7978163955636364,40.058666017907,19.85949183657
1673782022822924,40.074307055556,20.13423525
1842414269447470,40.010753333333,22.581809166667
8512724625498558,40.9710479,25.1378241
2959847607667595,41.136666689547,27.877833521369
1776053032784635,41.004816599972,29.0701852
1564973524249076,40.9059611206,31.67738262084
1779609582205425,40.945234521053,32.556808302105
2923568817904319,41.113255399972,37.7688567
7282885348390133,40.002405385157,38.176089689127
2011683425865185,41.311162401913,41.732674828087
2451805215024801,41.26946555116,42.2888643114
2885084594994110,41.719474184624,45.451673284736
1640731593075316,41.819518864516,46.066579931733
3777603662556769,40.492579,49.9443734
663101601948503,41.379825621932,60.362939741142
1559012730969181,40.118325349998,69.208985780008
906494933417883,41.523788888889,70.014477777778
655952856428816,40.10125,73.802269444444
3919538111456720,40.842907,115.391473
766074567443365,40.429252898358,116.56705833982
402029202489041,41.512773,126.85759
909961620837335,40.670981590396,129.18608653536
1683433042442575,40.605714741403,139.86690998852
1637512566857767,40.8021342,140.4330146
387039867375207,43.3443583,-124.3611028
1765831760467293,43.757849989623,-122.52316664042
1931866213942366,43.9918035,-121.4274
1965508937241210,42.897508383333,-118.36381537917
2700282603446508,43.6095815,-116.3027357
1712212725655695,43.487273611111,-114.27374111111
1968071143641669,43.628466105909,-113.28886818318
1612508762921165,42.036923959821,-111.39592987163
8460797353948380,43.513826223148,-109.56941557798
1451662035488177,43.196249866219,-107.91429544396
1507904823184377,42.798229958306,-105.63540708544
1701232723573936,43.883163888889,-103.16860944444
3590595727867266,43.7652093,-101.9270975
1768966860554613,42.781498566536,-96.592998433464
1887402405081861,42.501751543485,-94.276476700596
1693476777502116,43.6602054,-92.9972104
3864998410266471,42.454540277778,-91.900048055556
1467891007469041,42.383005140606,-88.972084599394
3825346264420165,42.204969644667,-87.887778898323
7634788299922702,42.296134468,-84.002625138
1424425477915533,42.261655555556,-82.429616666667
1426688358196492,43.820113424183,-80.310195152941
2294072717414688,42.858505555556,-78.709823333333
1436819346937855,42.369526489732,-77.677664112946
3084303828369635,43.736921574424,-74.035144505333
6852988061452002,43.498072079789,-73.688561272631
8942020362590205,43.790790022379,-70.305294107129
5007216089297270,43.858680555556,-69.943088888889
1672264273155414,43.939206912289,-59.877944631658
4835063433184058,43.275204067778,-8.4019235147222
2919525588190513,42.755112658569,-7.3849524027872
4292795224137503,42.040214873611,-4.2701254505556
1556147454819007,43.387687999972,-2.7811385999722
1650377145173371,43.344855627002,-1.7627236829974
1649274232255580,42.1059139,1.8806339
4040390332666845,43.658243333383,3.826676500008
2958165124427626,43.581098109239,5.0007788823548
1449265828800840,43.965393,6.6696385
1987333568091170,43.935109739996,10.917476146664
5433880429997903,42.285829947972,12.356542627984
9787754604576804,42.40939058404,14.300015498788
1717882968697409,43.246410343783,17.096401694626
2964135090410607,43.725990041667,19.678363520833
1685673568562771,42.661718662249,20.263654422356
7284449084927249,42.3762602,22.541555
1539427649937697,42.31631038048,24.890060806933
1445976326092562,43.3940175,27.1370153
1506082980008463,43.7289575,28.5733013
1728737010670370,43.458147,39.903333
303816214789251,43.480799469965,40.569383799984
2300444006830071,42.501733380971,43.405303006978
3469080733332817,42.00403657582,44.752523822145
2446108509058086,42.9709891,47.469894
3318043515080056,43.7903809,59.0345332
2044644475734937,42.027839,60.3264708
2157276767793162,43.960086111111,68.246155555556
4284490684979596,42.5276701,70.596633999972
1590858717921823,43.320311699972,75.7996114
3127173187515006,43.3154364,76.117183699972
259468162654170,43.897038888889,88.118844444444
3888234657897678,43.794166666667,102.2025
146758624082226,43.504722222222,104.05555555556
499037034778579,43.886888888889,125.31222583333
3026534707579409,43.11462,131.90076
4026250727398272,43.35314,132.17189
7581830638523266,43.10238002936,141.24564792983
1450563036334474,43.108027394916,143.23223928104
1762901790857767,43.009947046817,144.28256150232
1930046310495550,44.824934722222,-122.38955166667
5805952316160908,45.865451521939,-121.51088392226
1465820014352031,45.943952013187,-118.38712181895
1778077789060719,44.7236025,-116.04762861111
7471226459614092,44.591847777778,-115.86694527778
2875057362633473,44.879975432813,-110.21574751406
1491694614499414,45.802085843086,-108.56806179715
2830482390459804,45.534507573737,-106.76072284141
4892443430782304,44.28367,-105.5075015
1975064642679911,44.034944444444,-102.00741777778
1730011937361867,44.3044851,-94.4607168
1767128364180059,44.4831529,-93.2920521
1733596077412336,44.573608383625,-91.4688208875
1726015728311719,44.4854269,-88.0807483
3967404463545618,45.3047407,-87.5947997
1787068975368637,44.074049807196,-84.789112155997
1928938770776115,45.927692995924,-83.537098023902
1436919287099263,44.943880555556,-81.328772222222
1822987694712013,44.635775,-79.420147222222
1747171005478525,45.863702777778,-77.2355
1642931979454931,45.40516069996,-75.264842599982
2381568368700482,45.265930582297,-73.209099308891
1679699585768369,44.147834443669,-71.68054224511
3601284683533595,44.304094076667,-69.962580303636
1436971266803493,44.902001388889,-67.001101388889
3753955011551920,45.57311027775,-62.640407684917
1674139939443423,44.785488383335,-1.1945191166681
4440944749463249,45.3217845,1.6191357
1905183766955903,45.498809372222,3.2569104339869
1705653429822638,44.0225715,5.930564
2898681603781767,45.393687933686,6.2708637770276
1818099118986802,44.7067838,8.1987243
1669810413613828,45.981695303678,11.779585054089
2620879651423008,45.994935,12.7738286
1490999921490892,45.0076115,15.3067453
2580875782219953,45.762528447767,16.090635655672
1972159819894334,45.278640982143,19.79419831756
8438022416292950,44.127623904167,20.471478
1921728474660279,45.119064912222,23.666836258056
1440311463498316,44.699107305212,25.236461318541
1675846853365602,45.368017609667,27.0905655096
1556547291564755,44.254593,28.3402379
1579024029098959,45.9756862,30.298774199993
1679326319124539,44.589555555556,33.444797222222
1556245894898621,44.4118752,34.0236868
1940149382799063,45.3099,36.296355277778
1588810938136212,45.078545,39.004694
192838402672969,44.580888888889,41.89974
600795727588544,44.055931493043,43.144334785
378407276703320,44.304362777778,45.28352
3771301366313049,45.331037777778,46.04158
1488464051987661,44.9275756,65.7604435
1476431159770740,45.0182331,66.0233257
1509312599420418,45.623827499972,73.396527399972
1788687614666862,44.327009099972,75.471417999972
2508666025936680,44.064534799972,76.036387399972
543052686685731,45.15,93.386388888889
303024894558484,44.483611111111,103.86694444444
814450916174968,44.653611111111,104.06083333333
1874021436413703,45.1657139,141.2140333
2062255560898264,44.9378333,142.5638306
4054963914569306,46.855892720426,-124.10926662942
1602081926797507,47.564132793186,-122.27277215282
1399243104346834,46.007546555763,-121.32983367925
2893820794279093,46.702998428694,-118.83615740897
1475471442786374,47.684441666667,-117.15160277778
2092640077840121,47.3352159,-115.2694516
331571279795836,47.0406114,-113.9117369
820819469644596,46.4646143075,-111.24171301614
1905013329672515,47.06965,-109.43219166667
605161755023827,47.997810670377,-104.00030831025
1427608968088726,47.937616633833,-102.21497361299
1669417333570682,46.088354401859,-100.66750343867
6765779563469741,46.8118325,-96.8382725
1636443010163746,47.136389492673,-95.195283737672
3840527779506785,47.052243824798,-92.47121698199
3421557801452328,47.961473814806,-91.542794186703
1529860384162728,46.562715043836,-89.674195960849
2334129793431083,46.3329398,-86.87562678
1414353969332066,46.030481913756,-84.557534387522
3202521070038760,46.01446744891,-83.738414316001
3156654161237239,47.474663888889,-79.662266666667
5278113075620157,46.209997222259,-76.095838888766
2732702923578574,46.551253291943,-75.508540056797
2288861764778568,47.680644308333,-72.441914708333
24716004598012950,47.40731575,-70.3731739
2707190959573371,46.164588888889,-68.849308333333
1993162111103559,47.6219492,-52.7003263
2951010185170352,46.76553670925,-2.0352718426111
1550125919109212,47.4031662,-1.7479398
1889455351202758,47.892697222222,1.9258333333333
1982208831943398,47.012513056389,3.0710367858333
1632044760978142,46.1708,4.195425
1678811145660734,47.212818264671,7.5406206681138
3323974764577303,46.1716497,8.1777956
1564378717559235,47.780673895833,11.350545529167
1659918958176865,46.50428027701,13.583748436797
4692287257468042,46.391439953495,14.084448513687
3589815527989152,46.178772786287,16.03073951505
4714588151966966,47.924950260178,19.16871474032
1601559683763287,47.601121286995,21.972143525935
4230077330387696,46.568497083333,23.78016525
1914057008773881,46.185461033996,25.790761612677
1738149003204231,46.238964649998,27.672960640018
1662378920819470,46.188856700048,30.358551699965
1974662132697128,47.949280555556,32.153244444444
3958305697589871,47.948216388889,34.669449722222
1585481108312075,47.980127777778,36.916985833333
285767333292648,46.546823888889,41.473839722222
316839153148866,46.257335,47.445908888889
910999510231185,46.3355277,48.0240983
1816675152024565,47.8528809,67.9485703
2238919339632619,47.9661688,68.1561522
2221270374681725,46.0007694,73.579508899972
2940612969600318,46.829683099972,74.784138499972
274976887603898,46.890833333333,102.37916666667
373515714032449,46.160555555556,105.76
577210513244976,47.9171784,106.9179062
885422782033853,46.88609,142.73003
2581358908918296,49.9002288,-125.1504181
2681174922090796,48.006556342411,-122.10693255692
3028853010755859,48.51851026703,-120.30245075906
1881618442012048,48.514496351278,-118.144749304
1480604372274974,49.612766666667,-116.9777
1872130063528044,48.561753367971,-113.00989535481
1627393747702344,49.953754015746,-110.00858887153
5849373755153571,49.960815769993,-109.98899250016
3106973059535557,48.693856944444,-104.48027194444
6170268086435925,48.871296469399,-103.88136771022
1865309500499374,49.845545549689,-100.14314560059
2303450306465882,49.502164460222,-99.111192616222
3489183367980721,49.857747096078,-97.098520839657
9448757605150058,49.023309401999,-95.570844575754
1856120734867293,48.6058851,-93.4027414
3816522271807552,48.772719444444,-91.614297222222
1804495683092510,48.1603,-80.039722222222
5691960417497307,48.206888888889,-79.995036111111
1407471333020150,48.949671186935,-66.072086787154
2963804113944761,49.467036944444,-57.95699
206721461002720,48.497895,-53.956325833333
2952150211732656,48.415424674889,-4.4923240273333
1589790868228713,49.456895461902,-2.6532163100604
2903650716519577,48.892687497919,-0.40579838919894
5172578122853736,48.798651399972,0.3546201
1610499083225422,49.987447720752,2.8713289906863
4103215469765489,49.044693305492,4.081131565572
2330072444000394,49.8698464,6.2105742
1679715255569924,48.068142333333,8.0148796666667
4106519516075419,49.454868480556,11.849874488889
1814981412219872,48.687634725556,13.745636755556
1600967826774794,48.176767099972,15.994079299972
1953805974963484,48.1664199,16.4143125
1836484659847606,48.074430560006,19.535612260002
1594121537459067,48.00685,21.709871944444
1012090459323105,49.822392777778,23.961546944444
4333270230038171,49.819996324491,24.039410941963
1835092026654279,48.942581254545,27.994030272788
2018041015046791,48.95828760909,29.455561118182
1434725816880767,49.815827777778,30.04815
2629419627365426,48.504877777778,32.21585
1460114760992961,48.420163888889,35.066813888889
1920345581463739,49.986111111111,36.196638611111
1201368080318554,48.562701666667,39.264400277778
4014996801883130,48.693423055556,44.503001944444
173965521320283,49.198432959987,46.659629029937
1516437729180000,48.0271767,68.3945712
6604337726275735,48.5559787,70.3417636
2051204058420664,49.2428106,72.9094108
1607476956335631,49.968625,74.0728453
765140521032382,48.186388888889,99.854166666667
1105924866568192,48.133888888889,100.27666666667
149243267161171,48.058026636366,107.21608572726
696376698383099,49.8003836,135.8182922
1505902143621535,50.5868527,-127.0348284
1573343996900042,50.1170212,-125.3501059
1986007728410082,50.087344935839,-123.0265711431
1396862854392732,50.692295828243,-121.92129137988
1527986231059492,50.649322143894,-119.97564962492
1717415782047102,51.114367022881,-117.89604094117
1432694750978012,51.591057882747,-114.11886980979
1594415537709716,51.160834694093,-113.46999315609
3450747925210000,50.007350721894,-110.64659624787
1408209096601844,50.04562548,-108.97485652
1479740822768384,51.811697693034,-106.50394150849
2640187006277412,50.4258244,-104.71625129997
3046814085622003,50.4120814,-102.97872546235
6053572904728805,51.5942705,-100.0180789
2170600243327854,51.6077078,-98.6601165
3832032287044050,50.567130986426,-96.118530060806
2982195852029053,51.019358888889,-93.823136666667
8379594792161841,50.6395677,-68.7374103
1661377034594707,51.782286732204,-67.931249933056
1229179670817721,51.495915025473,-57.677970767021
2462170400648563,51.852156,-8.2954618
7605230422865178,51.6841309,-2.2086534
2979422642281226,50.663101833311,-1.2366883333333
1468567153817994,50.1878634,1.6328686
2786529144833888,50.870115045867,3.4435096661951
3701396593436831,51.82718955773,4.0423029076999
3863250877323370,50.5806436,6.1278844
3164230063734948,51.920375,8.3538278
1519650588902972,51.8915682,10.1648799
2638085439700988,51.715749304343,12.221883264404
9586380808043608,51.2023801,14.6459375
3634891723390312,50.799263411905,16.256002702976
3021210054793552,50.7263096,19.4329728
2612594809048806,51.670295194444,20.885586111111
4227102064001807,51.237053610278,22.603811463333
4170164549693419,51.352396049999,25.922063850009
3053939201559143,51.589997249725,26.620403663634
2205150149620887,51.206203500024,28.358878100006
3639544516151460,50.522130555556,30.902555555556
1508994432777549,50.862636111111,32.024961111111
4215406425185435,50.473337,34.958078
2816023361908947,50.61719055797,36.57386121214
1460742420946478,51.700405199972,39.030204799972
1398623643848816,51.620618899972,42.990481899972
372230097540731,50.250212980001,45.650562709999
1702772246581149,51.467866229999,46.164289540013
3990700927827423,51.815752,55.65882036
1589350808122889,51.196030555556,58.309594444444
2738437572953599,51.4658895,71.8474031
1530387497454219,51.7580554,72.465578
1414412782701875,51.3805327,75.7965386
1808276952899453,51.9948148,76.1341517
502081797510556,50.083206944444,87.779772777778
4817245541625244,50.997531899972,95.3218276
1871584286343725,51.855055909131,104.8608832727
901052340749585,50.512883888889,115.13759083333
167869592553159,53.993361111111,-125.88238888889
5087288757973242,53.518493219185,-113.49498832692
6013351315364163,53.3434223,-110.85662089997
9628168623891635,53.836193061699,-107.03989723697
1482465442499867,52.651951325199,-105.74467913488
1633136060909696,52.8147133,-67.110943825
221733146006567,53.442156,-10.065746
1398857934823438,53.2713647,-9.0525218
3858639984252707,52.131865,-7.100366
3000422900242520,52.16173,-4.038093
1677434635765044,53.108699657241,-3.1256428962872
2962211390734571,52.952321226616,-1.1562649051226
2953925351549573,53.198091474376,0.35111070011072
2633758633482859,52.733559605621,5.6453216672152
2629181200621686,52.165989218974,6.4033807552991
2023479697856796,52.7245058,9.1712696
1849834479200354,53.9315837818,10.2199331098
3028311584149938,52.499576699972,13.4696911
1706529323264003,52.3362964,14.4725216
1417587579216887,52.918820901367,17.809058952847
2597937083684409,52.8881735,18.658637999972
4083607128539478,52.067762539101,20.952837513353
1656856441782334,52.0295338028,23.098110151
7698788126813071,52.334983779995,24.264037149998
2888704068033483,53.9967276,27.2915636
1524366411722916,53.1558056,29.689375
1701503100619783,52.4451696,30.9543191
295949845356216,52.315695,33.799473
5469069499801290,53.241767873006,34.367727834681
4716984058317383,53.363315,37.80212
1515801779093685,52.7766571,41.3854743
1528417087362654,53.890754499972,42.8824473
282886413550860,52.181294289997,46.163535409945
2825654574349790,53.229678,50.193232
4606908212727493,53.6967246,55.9374449
1439507640193469,52.0226438,76.2016618
241158721133541,53.386047699972,83.728409499972
1439166723082823,52.282044636429,104.28081572727
3859398467649871,52.422378633531,130.88252934077
2535207133307750,52.958893030188,132.76153406226
5968158246567824,54.054415300007,-124.85495689996
2794676654179954,55.737984166659,-120.16788472222
402100840779065,55.061288888889,-119.194575
2046646772157586,54.547827746667,-117.34216033472
2207135932819489,55.417209524687,-104.56085636261
1583732058870943,54.839236377017,-94.08957471976
300686378177579,55.424052745104,-57.33814239502
3155646017995948,54.1773062,-54.466004100028
1125465921926322,54.478541340842,-8.3016857928278
1635598287196302,54.70263605468,-7.2260568801537
2350080518664330,55.6059043,-4.6818272
1954479855064154,55.897477956024,-3.2992613421687
2682214968593046,55.442945737667,-1.9553250414067
1579379262247113,54.1877974,7.872688
2212804298899063,55.278949,9.9254013
1413128530059901,55.992738095948,10.114388380654
3143789272597341,54.0177929,13.7018808
1568824413314003,55.768034890094,14.194392174355
5102689086494110,54.25720698,16.043903499394
482049409718115,54.489793888889,18.517480833333
2594947287473355,55.669073982876,21.729635889412
2955226314724232,55.639319220417,23.727655164787
3134111160149625,54.254205962514,25.714462320451
2988061181425430,55.623185696518,26.093054548806
139902051494086,54.723164200003,29.8969744
2243757952422441,55.164903142077,30.285935103895
3884376264992163,54.071760808862,34.297134228169
4525231007558650,55.872599499972,37.332408499972
1902114689948138,55.812222222222,38.174604596598
1916904218672904,55.9873885,40.0100528
1828136964014894,54.1140959,42.705128399972
3902912466664387,55.5679388,44.9031027
3214484772146474,55.79873665001,49.11473835003
4380975868602112,55.6508872,51.804598299997
2651037365196422,55.733882844512,52.384344921359
797262904241439,55.1626831,61.390742099972
1475004429518125,55.0034719,73.358113
3752526511553335,54.282466781822,77.338114208287
1760525834135557,54.94171,82.888642777778
2899496023638027,55.960776099999,92.7967365
3894732223972652,54.5622527,100.5409348
1603521350396002,57.822937199972,-152.3650365
2205375962932580,56.357964166667,-117.35575166667
5498963556867460,57.8978937,-115.4088075
1687033454968591,56.42745,-111.04936666667
731917050797413,56.097391426563,-72.851932287216
115403364544779,57.529628779722,-7.3816293941667
2503742049783491,56.980166906667,-4.9044573386667
2026829514344024,56.058228374997,-3.61297199785
1577457586113722,56.0224939,8.5298608
4103694449688766,57.066032777778,10.37609
1481865469335331,57.871056025098,12.631647459559
1783129258556217,56.035036111111,14.172097222222
1722272324620160,57.760888888889,16.641763888889
1421607745093323,57.363145652271,18.643089704542
2626171741016226,56.199442039536,21.335819637124
1594973874041359,56.041063886385,23.948287315174
9174404936000075,56.9538544,24.1172528
2629453467255601,57.1334282,27.2760352
4130927030344631,56.451242,30.211663399972
7565572360150630,57.3912872,32.311557299972
1602652623776608,56.8529652,35.8879225
6563465093678820,57.203920099972,37.893961199972
3704526593109158,56.0048133,38.3770458
3137802676447958,57.825896299972,41.4486112
1612934278911133,56.2715801,43.970784
938930973458779,56.775945733827,44.281752850899
478511416696407,57.395743888889,47.677786388889
2553087614987996,57.509673399972,48.548150399972
1599088946951546,56.334190937002,51.57545493
947826955768422,56.023133719953,52.36321297989
301714941398042,56.5837664,57.7477558
4013348782104897,56.896167,59.941775
3987062984853723,56.9763593,60.5618738
1081661062243203,57.016883333333,63.719836111111
1413174585735426,57.216211999972,65.4818486
2595754450728568,56.5096855,66.533133
500556994631757,56.0086625,92.83705
777986802911110,56.240160306102,96.068827805207
245561327316003,56.7814175,105.7518725
836987357229265,57.3369925,107.48485
195749409031711,57.771136163106,108.1144970602
4869302546419055,59.466003599922,-151.5581885
26288314660767185,58.4031569,-134.5883831
2844613765683611,58.3949,-116.00646388889
5890796807645970,58.0715333,-115.6170724
1240245313234561,58.3998611,-4.6131667
1566155453863034,58.6694167,-3.3769167
5646684468727874,58.779476799972,5.8272845
1917210548634804,59.5574677,7.426839
3829083707214883,58.840038888889,9.0991972222222
3987151198000138,59.975238888889,10.723441666667
1422706364940310,59.981899415909,13.218327265227
1867121567015200,59.132290852048,15.356309268727
1431764514375757,59.2588511,17.7593616
3948700562013937,59.1276288,18.1108393
576585609987237,59.985102777778,20.100597222222
1662745291184632,58.0239461,22.0856021
1623687158422328,59.408478708229,25.687727977187
1682641955525797,58.412415993234,26.589945516758
1434173723614857,59.899433530437,29.088247061008
3980431415356891,59.985879192455,30.330690440834
1698875133797826,58.3976199,33.975851699972
3158141584427897,58.4005245,34.018053299972
374673423950544,58.678593,37.247349
344122453714160,58.504241944444,39.116700833333
1013858505812059,59.802792777778,40.463723888889
547926352988762,58.005399199972,42.002383799972
2079726945502118,59.912782222222,47.343620833333
3029386610630607,58.2603439,48.5944554
1418630971821291,58.1962325,50.7948232
973980123405793,58.141106605337,52.677865168931
1505105753168635,59.6512339,56.7673837
351586483055363,59.774880555556,59.984077777778
3741493769305724,58.20321,109.30565
309213084157904,58.651747222222,110.91335277778
1385007048541525,59.91345,113.57895
184574390181506,59.955308333333,117.50182222222
521987152268431,59.703380555556,118.10784166667
1125539081258032,59.6154358,150.77233839997
238035081087747,59.955,166.88
1469585173750927,60.8009652,-161.7769529
2989267764686035,60.496906111111,-151.16133944444
3940729972844043,61.6141331,-149.7499414
5211863502272908,61.7992603,-147.98330279997
968105534017563,61.708553611111,-145.16157277778
3962876540473551,61.026997407955,-138.41048165237
610919171078410,60.7229697,-46.0906771
216217397716714,61.1876055,-45.37087725
4102446723127709,61.402187,-6.706533
3013845758874505,60.4452347,5.2823257999722
1446344672515121,61.0726694,7.9115875
5516220665110796,60.633870199972,9.8908099
3921039534889119,60.0442189,10.386026
1470913150378400,60.03171440647,13.219845273041
26283657961282698,61.1441077,14.6206111
1818907745300786,60.0062846,17.7350188
1501273124110983,60.0838876,18.499167
1583457995548698,61.42780602608,21.734747746399
2219930485060454,60.642051201282,22.048981080769
2244194015721251,60.488607600996,24.285706065529
2847801122101100,61.583728026389,26.008789557778
2915522555400186,60.715265629791,28.729211835714
1977150812636706,60.5040305,30.229737
5100928719922174,60.3966775,33.0943163
1882501571909556,61.936435435055,38.875150127293
787241148645067,60.760605,46.306399166667
336106201275742,60.550733888889,48.810894444444
173680704559649,60.055089079975,53.449823770088
5909712009068882,60.695,61.04
940361343406380,60.967680555556,69.020761111111
576527693285987,60.70963,114.9318
294100469008845,60.246052777778,117.05160833333
776882636523392,60.22556,119.41836
191434669486965,60.37282,120.41968
362166031882964,60.58076,123.2998
1945631388927201,61.10347,127.35353
4974237699324017,63.145405555556,-149.42134027778
2846501449013300,62.107325277778,-145.47508277778
1403026253380461,63.32194,-142.8073225
1694973060686633,63.643166417308,-135.88751343654
2727683147385755,63.988632254167,-22.300640070833
1882599992242099,63.7557783,-20.230075
2404440533034174,63.419177120158,-18.949793019413
1643038199227318,62.116798666667,-6.902115
1800154453821243,62.2711977,5.9991335
2134073423593233,63.0001339,7.0281602
2917705505198469,62.605821599972,9.5584515999722
1401065073633797,63.7706578,11.5868409
3605606623041245,63.333716917388,13.704818030448
3714261332190491,62.0304502948,15.8219581932
2942842559181151,62.34727,17.3616734
2138266346525101,63.116014422775,18.254733514916
2062692047207357,63.8261492,20.152072350278
4561803837378448,62.799795408333,23.521623517113
1897634737061666,63.108387997222,25.837610333333
1635043326866220,62.301931735,27.842456940556
2632774773528850,62.611238,29.7742349
6276666925774726,62.4396755,30.0188539
120017116765749,62.457075,33.669615833333
156778429737233,63.853537059147,87.496313901476
830690250870850,62.540635136223,113.97737462239
4271415112889874,62.531438548209,114.02051914101
1135110586937623,62.026092,129.713156
789200245360440,62.50326,130.015375
1793320234183851,64.992881276194,-168.91004039058
2916921348577549,64.8422925,-148.00900777778
6215113648506168,64.698681111111,-147.13743555556
4709751662375006,64.036270555556,-145.72731083333
1361654964337942,64.13080555,-51.338736116667
1491007091621190,64.0075485625,-22.2043273
3875792359172892,64.144597,-21.901596
1461980444154324,64.130886666667,-16.035865
2983462531921596,64.177864997222,-15.872968330556
1422332188541642,64.1401694,11.7613676
1602145953889982,65.2461347,13.3217238
1417143915304932,65.810514861111,15.103751861111
1867657610350153,64.204715589183,16.768016782452
3096337763830455,65.439856792857,19.708720514732
1869833590103171,65.566214626687,20.017374657392
4417934441554842,64.064949732222,23.657566560278
3954500871337597,65.275020701667,25.3654246775
2639450436200984,64.557560635556,26.832925770278
1502584240076970,65.588060058611,28.204825976667
202370685095019,64.527376055556,40.545264083333
495504628267052,64.448455074248,87.538484004658
475114676938373,65.488315355498,99.070329644426
372629594155849,64.819981944444,107.09222583333
1416366285469989,65.940051005273,111.49949316327
633670878034732,64.607762185378,112.52267676768
1024234397983784,67.478250265121,-56.295317530632
1136071780390392,66.934841399972,-53.6611525
4004306813010910,66.472646944444,-25.645142222222
747472323160205,66.520365066667,-16.195590756667
702943297633517,66.453911829722,-15.9319926425
2463281837205821,67.9645399,13.1639802
2120038871702375,66.4010227,14.4481484
2912453648966160,67.083758333333,16.030022222222
1396874924293711,66.157781902518,19.977883585208
2935875830035230,66.480935833333,20.879241666667
3485243615089026,67.9706423,23.7971259
3310372135731935,66.551996333333,25.654408163889
5516674445069381,66.651647128056,27.077253805278
2897114973875929,66.337477974444,29.302372662222
501094631013854,67.458557497593,86.568858379569
368562084597768,66.351462732884,99.163627825357
2293497714115468,68.63638227537,-149.5993175615
1908356119326366,68.343141099972,13.962728099972
7155820641139785,68.258672,14.0119085
1500528920509809,68.3211603,16.6550901
2587002281592508,68.407030555556,18.686338888889
2892888004332625,68.734930520833,21.4151912925
3950055841743015,68.514518905278,22.024235045278
2913151758998632,69.9533569,24.955687699972
1595224884015683,68.425347357778,27.468942403611
196011415583498,69.701997222222,28.509486111111
806705133565865,69.405005300001,86.168144899998
493461312758286,69.121430555556,92.61225
3435516056700124,70.020750199972,19.604299
1541108399575386,70.131790899972,23.628410699972
1896795890510331,71.151768599972,25.775785599972
2323474081116663,70.225252777778,27.872675
4629562453725817,70.261241666667,28.058438888889
477409980044537,73.166772931814,-71.375237226486
204193524856191,73.740141666667,25.782691666667
1667921963405956,74.4747986,-20.55475955
3862763710438481,78.923641742228,11.926472928583
983960022340731,79.390611944444,13.798255
2437789556381653,78.1770193,15.899252
2535860969894402,78.161652,16.0330775
219415559663457,81.581112518889,-16.638829233056
2822834128032179,84.777693610638,137.99525734782